{"errors":[],"warnings":[],"namedChunkGroups":{"polyfill":{"chunks":[3,0,8],"assets":["webpack-runtime-a959c1459c8764e18eb0.js","webpack-runtime-a959c1459c8764e18eb0.js.map","commons-7ace8657bcf07dbfd4f2.js","commons-7ace8657bcf07dbfd4f2.js.map","polyfill-8c55310ca2d2bd62909a.js","polyfill-8c55310ca2d2bd62909a.js.map"],"children":{},"childAssets":{}},"app":{"chunks":[3,1,4,5,0,6],"assets":["webpack-runtime-a959c1459c8764e18eb0.js","webpack-runtime-a959c1459c8764e18eb0.js.map","framework-fda4d8858032b70e00c5.js","framework-fda4d8858032b70e00c5.js.map","061e6b60-31b1b96c9bcaf7709005.js","061e6b60-31b1b96c9bcaf7709005.js.map","91472edf-bf16c790c6d486aa4f27.js","91472edf-bf16c790c6d486aa4f27.js.map","commons-7ace8657bcf07dbfd4f2.js","commons-7ace8657bcf07dbfd4f2.js.map","app-9d835b876e0c49e078e1.js","app-9d835b876e0c49e078e1.js.map"],"children":{},"childAssets":{}},"component---src-pages-component-js":{"chunks":[1,2,0],"assets":["framework-fda4d8858032b70e00c5.js","framework-fda4d8858032b70e00c5.js.map","styles.21309e3366ebe46de7d3.css","styles-7d4153d260c0197f0043.js","styles-7d4153d260c0197f0043.js.map","commons-7ace8657bcf07dbfd4f2.js","commons-7ace8657bcf07dbfd4f2.js.map"],"children":{},"childAssets":{}},"component---src-pages-index-js":{"chunks":[1,2,0,7],"assets":["framework-fda4d8858032b70e00c5.js","framework-fda4d8858032b70e00c5.js.map","styles.21309e3366ebe46de7d3.css","styles-7d4153d260c0197f0043.js","styles-7d4153d260c0197f0043.js.map","commons-7ace8657bcf07dbfd4f2.js","commons-7ace8657bcf07dbfd4f2.js.map","component---src-pages-index-js-063d0daadb08c2860263.js","component---src-pages-index-js-063d0daadb08c2860263.js.map"],"children":{},"childAssets":{}}},"assetsByChunkName":{"polyfill":["webpack-runtime-a959c1459c8764e18eb0.js","commons-7ace8657bcf07dbfd4f2.js","polyfill-8c55310ca2d2bd62909a.js"],"app":["webpack-runtime-a959c1459c8764e18eb0.js","framework-fda4d8858032b70e00c5.js","061e6b60-31b1b96c9bcaf7709005.js","91472edf-bf16c790c6d486aa4f27.js","commons-7ace8657bcf07dbfd4f2.js","app-9d835b876e0c49e078e1.js"],"component---src-pages-component-js":["framework-fda4d8858032b70e00c5.js","styles.21309e3366ebe46de7d3.css","styles-7d4153d260c0197f0043.js","commons-7ace8657bcf07dbfd4f2.js"],"component---src-pages-index-js":["framework-fda4d8858032b70e00c5.js","styles.21309e3366ebe46de7d3.css","styles-7d4153d260c0197f0043.js","commons-7ace8657bcf07dbfd4f2.js","component---src-pages-index-js-063d0daadb08c2860263.js"]}}